,percentiles,percentile_values
0,0.05,4.322112996260908
1,0.1,6.927040511578664
2,0.16,9.822825257385992
3,0.25,14.033296836872038
4,0.3,16.333518852379765
5,0.5,25.98016473947955
6,0.75,43.27624923869263
7,0.84,54.936772608122965
8,0.9,70.15941905089204
9,0.95,98.95410661940144
