,percentiles,percentile_values
0,0.05,5.076719504369906
1,0.1,8.217368787555076
2,0.16,11.572124099708219
3,0.25,16.193721577239945
4,0.3,18.64737789723772
5,0.5,28.896257344162976
6,0.75,47.011349664637095
7,0.84,59.10444250787084
8,0.9,74.49008188929224
9,0.95,103.0273279239931
