,percentiles,percentile_values
0,0.05,27.95281078448006
1,0.1,39.406939607050184
2,0.16,48.604294891958894
3,0.25,58.468600723442364
4,0.3,62.8510931756339
5,0.5,77.54437192503558
6,0.75,97.33989263497301
7,0.84,108.48064660610784
8,0.9,120.44188542345655
9,0.95,136.7241175831071
