,percentiles,percentile_values
0,0.05,22.983441412441756
1,0.1,33.15789926308706
2,0.16,41.48112944572657
3,0.25,50.81389174399286
4,0.3,55.18424126756658
5,0.5,70.28335226274605
6,0.75,91.2669700198387
7,0.84,103.57132021895303
8,0.9,117.18982064498553
9,0.95,135.3155584041084
