,percentiles,percentile_values
0,0.05,0.5230524943551821
1,0.1,0.726629526800675
2,0.16,0.928137088583078
3,0.25,1.188858331734506
4,0.3,1.3223478096624703
5,0.5,1.8221319403316485
6,0.75,2.4985404494124213
7,0.84,2.742828134679121
8,0.9,2.9047578351098404
9,0.95,3.0398251875893156
