,percentiles,percentile_values
0,0.05,0.3385055473227432
1,0.1,0.4393539055020384
2,0.16,0.5495880750891783
3,0.25,0.701734693218043
4,0.3,0.7834511121147221
5,0.5,1.1450764086579188
6,0.75,1.818449810869282
7,0.84,2.194944839546022
8,0.9,2.512680126462967
9,0.95,2.8209144129009203
