,percentiles,percentile_values
0,0.05,22.77238504812151
1,0.1,33.64058261416907
2,0.16,45.189519073459394
3,0.25,63.98451343010827
4,0.5,117.3567801112259
5,0.75,187.29488706614333
6,0.84,239.82303468496
7,0.9,293.2533218829823
8,0.95,340.5210591098945
