,data/Cal_20.tif,data/Cal_27.tif,data/Cal_24.tif,data/Cal_23.tif,data/Cal_29.tif,data/Cal_28.tif
percentiles,"[0.05, 0.1, 0.16, 0.25, 0.5, 0.75, 0.84, 0.9, 0.95]","[0.05, 0.1, 0.16, 0.25, 0.5, 0.75, 0.84, 0.9, 0.95]","[0.05, 0.1, 0.16, 0.25, 0.5, 0.75, 0.84, 0.9, 0.95]","[0.05, 0.1, 0.16, 0.25, 0.5, 0.75, 0.84, 0.9, 0.95]","[0.05, 0.1, 0.16, 0.25, 0.5, 0.75, 0.84, 0.9, 0.95]","[0.05, 0.1, 0.16, 0.25, 0.5, 0.75, 0.84, 0.9, 0.95]"
percentile_values,"[  8.23342582  10.92528075  14.28942723  19.8069047   41.92478277
  93.31282879 130.36543869 168.85566178 213.16070917]","[  9.66294083  13.34632644  17.75958241  24.48801475  48.2329284
  95.8165196  129.32194731 166.45395045 210.94069373]","[  9.77697123  13.44271132  17.70533488  24.07200527  47.10419353
  95.21601385 129.56075649 165.25491195 208.40507413]","[  9.33632544  12.67953909  16.57590163  22.64462528  44.79327163
  96.61339457 131.67895339 164.31612339 204.90438443]","[ 11.16411636  16.24050443  22.04289889  30.36696574  58.33244883
 109.01206662 142.15299264 174.89241923 214.96001891]","[ 11.35663126  16.8068966   23.15004477  31.91494702  59.82741115
  95.8166585  115.57530843 128.78179087 140.21686798]"
