,data/Cal_20.tif,data/Cal_27.tif,data/Cal_24.tif,data/Cal_23.tif,data/Cal_29.tif,data/Cal_28.tif
mean grain size,67.48633001309608,70.58431431866961,69.5253045655672,68.66102705221893,78.61573318569265,66.6143667703715
grain size sorting,63.80557225594182,61.911834319644925,60.63874410674711,60.77401182774991,62.590001505436646,40.334835901742835
grain size skewness,0.014040539354118897,0.01391168804054287,0.01335965496399635,0.012947482119943055,0.011768037283169117,0.0044827435948217274
grain size kurtosis,0.041850504461751516,0.042771211120791734,0.04002883343229255,0.03850352213786805,0.03683412368491803,0.021165044471551514
