,data/Cal_20.tif,data/Cal_27.tif,data/Cal_24.tif,data/Cal_23.tif,data/Cal_29.tif,data/Cal_28.tif
mean grain size,28.45724637556156,31.892711965793637,30.563486160635158,29.246476794589732,38.02055197832361,31.852144344124916
grain size sorting,22.8297576608554,22.632406958719997,21.02506958039053,21.092670089955448,22.289228563067976,12.047402934821513
grain size skewness,0.014250054067962334,0.012248083284939445,0.012112667499801324,0.013087592195819345,0.009480311332906496,-8.170092262880329e-05
grain size kurtosis,0.04779307188392561,0.04297059659489565,0.043349364056540295,0.045887875596597696,0.037632581080857354,0.029009213366135555
