,data\Cal_20.tif,data\Cal_23.tif,data\Cal_24.tif,data\Cal_27.tif,data\Cal_28.tif,data\Cal_29.tif
mean grain size,25.81972480328903,27.278301128385266,28.211170701102084,29.351443280118787,27.937436736137997,32.59521451275141
grain size sorting,22.374742459215437,21.35883602522391,21.23971177767254,23.209573732373332,12.54227614681777,24.196012286208404
grain size skewness,0.01584568453178187,0.0139899312889155,0.013210368323837797,0.013245842504965112,0.003976842407623979,0.011282136543515004
grain size kurtosis,0.05323547259549138,0.047676941989203754,0.04567271451514163,0.0442698544886862,0.029274657103209607,0.038066043769953824
