,data\Cal_20.tif,data\Cal_23.tif,data\Cal_24.tif,data\Cal_27.tif,data\Cal_28.tif,data\Cal_29.tif
mean grain size,23.892768626852025,27.278301128385273,28.21117070110209,27.200656148966726,27.937436736138,30.129680808088118
grain size sorting,20.160676254104413,21.35883602522391,21.23971177767254,20.93772181927282,12.54227614681777,21.737535050602688
grain size skewness,0.015141959661002749,0.013989931288915488,0.013210368323837793,0.01247800228358543,0.0039768424076239706,0.010651559554222326
grain size kurtosis,0.05043175542386176,0.047676941989203726,0.04567271451514162,0.04152639429044224,0.029274657103209607,0.03625495445001473
