,data\Cal_20.tif,data\Cal_23.tif,data\Cal_24.tif,data\Cal_27.tif,data\Cal_28.tif,data\Cal_29.tif
mean grain size,25.819724803289027,27.278301128385273,28.21117070110209,29.351443280118787,27.937436736137997,32.595214512751404
grain size sorting,22.374742459215437,21.35883602522391,21.23971177767254,23.209573732373332,12.542276146817768,24.1960122862084
grain size skewness,0.015845684531781878,0.013989931288915484,0.013210368323837788,0.013245842504965112,0.003976842407623981,0.011282136543515018
grain size kurtosis,0.05323547259549139,0.047676941989203726,0.04567271451514161,0.0442698544886862,0.029274657103209624,0.038066043769953865
