,data\Cal_20.tif,data\Cal_23.tif,data\Cal_24.tif,data\Cal_27.tif,data\Cal_28.tif,data\Cal_29.tif
mean grain size,26.28924284057619,29.24647679458973,30.563486160635154,29.787180698997417,31.85214434412492,35.84356870865146
grain size sorting,20.477609352945983,21.092670089955448,21.025069580390532,20.25909157324455,12.047402934821513,19.803698629752084
grain size skewness,0.013587494030378997,0.013087592195819352,0.012112667499801328,0.011385075189537804,-8.170092262881045e-05,0.008509987946254042
grain size kurtosis,0.045540244670474676,0.04588787559659771,0.043349364056540295,0.04040309248391115,0.029009213366135562,0.03569574215344781
